2,32,100
2,32,100
2,32,100
2,32,100
2,32,100
2,32,100
2,32,100
2,32,100
2,32,100
2,32,100
2,32,100
2,32,100
2,32,100
2,32,100
2,32,100
2,32,100
2,32,100
2,32,100
2,32,100
2,32,100
2,32,100
2,32,100
2,32,100
2,32,100
2,32,100
2,32,100
2,32,100
2,32,100
2,32,100
2,32,100
2,32,100
2,32,100
2,32,100
2,32,100
2,32,100
2,32,100
2,32,100
2,32,100
2,32,100
2,32,100
2,32,100
2,32,100
2,32,100
2,32,100
2,32,100
2,32,100
2,32,100
2,32,100
2,32,100
2,32,100
